ID,Technology
1,Artificial Intelligence
2,Blockchain
3,Microsoft
4,Intel
5,View AI
6,Industry
7,VR & AR
8,Bitcoin
9,Drones
10,Windows
11,Nikon
12,Social Media
13,iOS
14,Generative AI
15,Netflix
16,iPhone
17,Big Data
18,Programming
19,Computing Deals
20,Data Science
21,AI Platforms & Assistants
22,Apple Intelligence
23,Android
24,Apple
25,Blu-ray
26,DSLRs
27,Gadgets
28,Photography
29,Video
30,Samsung
31,View Computing
32,CPUs
33,Cyber Security
34,Action
35,Canon
36,OpenAI
37,Entertainment
38,Acer
39,Garmin
40,Popular Computing BrandsDellHPLenovoAcer
41,Samsung Galaxy
42,Sony
43,Storage
44,Fintech
45,Careers
46,Webcams
47,Google Pixel
48,Keyboards
49,Macs
50,iPad
51,Geography
52,GoPro
53,Smartwatches
54,Gaming PCs
55,Dell
56,Trending
57,Ring
58,Podcast
59,Fitbit
60,
61,Smart Lights
62,Deals
63,macOS
64,Insights
65,GPUs
66,Nvidia
67,Antivirus
68,Projectors
69,AIView AIAI Platforms & AssistantsOpenAIChatGPTGeminiApple IntelligenceClaude
70,Paramount+
71,DJI
72,Hulu
73,AIAI Platforms & AssistantsOpenAIChatGPTGeminiApple IntelligenceClaude
74,Compact
75,Prime Video
76,Honor
77,Stocks
78,Ninja
79,Streaming Devices
80,Network Carriers
81,Fujifilm
82,Insta360
83,Computing News
84,Disney+
85,Cryptocurrency
86,HP
87,Best
88,News
89,Vacuums
90,EVs
91,360 Cameras
92,Motorola
93,How to Watch
94,Magazines
95,Mirrorless
96,MacBooks
97,Home Security
98,Mice
99,Shark
100,Reports
101,Cryptocurrencies
102,TV News
103,Privacy policy
104,Websites & Apps
105,Dyson
